user_id,datePublished,likes,story,title
6307d12d789c5a9c0f981330,2022-08-24T20:47:11.542Z,25,Story1,Title1
63068e4f71eb2efda5044ea9,2022-08-24T20:47:11.571Z,20,Story2,Title2
63068e4f71eb2efda5044eaa,2022-08-24T20:47:11.579Z,30,Story3,Title3
6307d12d789c5a9c0f981330,2022-08-24T20:47:11.585Z,40,Story4,Title4
63068e4f71eb2efda5044eac,2022-08-24T20:47:11.592Z,50,Story5,Title5
630a6a31a9420350ef13b9bd,2022-08-24T20:47:11.597Z,60,Story6,Title6
63068e4f71eb2efda5044eae,2022-08-24T20:47:11.604Z,70,Story7,Title7
630a6a31a9420350ef13b9bd,2022-08-24T20:47:11.610Z,80,Story8,Title8
63068e4f71eb2efda5044eb0,2022-08-24T20:47:11.616Z,90,Story9,Title9
63068e4f71eb2efda5044eb1,2022-08-24T20:47:11.627Z,100,Story10,Title10
630a6a31a9420350ef13b9bd,2022-08-24T20:47:11.654Z,110,Story11,Title11
63068e4f71eb2efda5044eb3,2022-08-24T20:47:11.663Z,120,Story12,Title12
630a6a31a9420350ef13b9bd,2022-08-24T20:47:11.690Z,130,Story13,Title13
63068e4f71eb2efda5044eb5,2022-08-24T20:47:11.737Z,140,Story14,Title14
63068e4f71eb2efda5044eb6,2022-08-24T20:47:11.753Z,150,Story15,Title15
630a6a31a9420350ef13b9bd,2022-08-24T20:47:11.759Z,160,Story16,Title16
63068e4f71eb2efda5044eb8,2022-08-24T20:47:11.770Z,170,Story17,Title17
63068e4f71eb2efda5044eb9,2022-08-24T20:47:11.778Z,180,Story18,Title18
630a6a31a9420350ef13b9bd,2022-08-24T20:47:11.786Z,190,Story19,Title19
63068e4f71eb2efda5044ebb,2022-08-24T20:47:11.793Z,216,Story20,Title20
63068e4f71eb2efda5044ebc,2022-08-24T20:47:11.801Z,210,Story21,Title21
630a6a31a9420350ef13b9bd,2022-08-24T20:47:11.809Z,220,Story22,Title22
63068e4f71eb2efda5044ebe,2022-08-24T20:47:11.819Z,230,Story23,Title23
63068e4f71eb2efda5044ebf,2022-08-24T20:47:11.826Z,240,Story24,Title24
6307dd4bd857b2c872a9b520,2022-08-24T20:47:11.841Z,250,Story25,Title25